DSI_Title,Text,Stance
JR_Doc2_Fed-Cuts-Rates.txt,"Title:Fed slashes interest rates by a half point, an aggressive start to its first easing campaign in four years Authors:Cox, Jeff Source/Date: CNBC - 09/18/2024 URL: https://www.cnbc.com/2024/09/18/fed-cuts-rates-september-2024-.html Keywords: cut, interest, rates, inflation, Powell Total Word Count:1140 Summary:The Federal Reserve on Wednesday enacted its first interest rate cut since the early days of the Covid pandemic, slicing half a percentage point off benchmark rates in an effort to head off a slowdown in the labor market. With both the jobs picture and inflation softening, the central banks Federal Open Market Committee chose to lower its key overnight borrowing rate by a half percentage point, or 50 basis points, affirming market expectations that had recently shifted from an outlook for a cut half that size. Outside of the emergency rate reductions during Covid, the last time the FOMC cut by half a point was in 2008 during the global financial crisis. The decision lowers the federal funds rate to a range between 4.75%-5%. While the rate sets short-term borrowing costs for banks,it spills over into multiple consumer productssuch as mortgages, auto loans and credit cards. In addition to this reduction, the committee indicated throughits dot plot the equivalent of 50 more basis points of cuts by the end of the year, close to market pricing. The matrix of individual officials expectations pointed to another full percentage point in cuts by the end of 2025 and a half point in 2026. In all, the dot plot shows the benchmark rate coming down about 2 percentage points beyond Wednesdays move. The decision to ease came in light of progress on inflation and the balance of risks. Notably, the FOMC vote was 11-1, with Governor Michelle Bowman preferring a quarter-point move. Bowmans dissent was the first by a Fed governor since 2005, though a number of regional presidents have cast no votes during the period. Trading was volatileafter the decision with the Dow Jones Industrial Average jumping as much as 375 points after it was released, before easing somewhat as investors digested the news and considered what it suggests about the state of the economy. Stocks ended slightly lower on the day while Treasury yields bounced higher. However, Powell and other policymakers in recent days haveexpressed concern about the labor market. While layoffs have shown little sign of rebounding, hiring has slowed significantly. In fact, the last time the monthly hiring rate was this low 3.5% as a share of the labor force the unemployment rate was above 6%. At his news conference following the July meeting, Powell remarked that a 50 basis point cut was not something were thinking about right now. For the moment, at least, the move helps settle a contentious debate over how forceful the Fed should have been with the initial move. With the Fed at the center of the global financial universe, Wednesdays decision likely will reverberate among other central banks, several of whom already have started cutting. The factors that drove global inflation higher were related mainly to the pandemic crippled international supply chains, outsized demand for goods over services, and an unprecedented influx of monetary and fiscal stimulus. ",Support
TK_Doc1_Student-Loan-Cancellation.docx,"Nearly four million borrowers have had about $138 billion of their federal student loans flagged for cancellation, despite a Supreme Court ruling last June that blocked relief for millions more student-loan holders. The high court ruled that the Biden administration couldn t cancel hundreds of billions of dollars for tens millions of student-loan holders, reasoning that the authority for such a broad-based policy doesn t exist under the law. While that closed one path, Biden tapped a variety of different tools that no previous president had ever used to this extent. The administration announced its latest round of cancellations on Feb. 21, forgiving about $1.2 billion in loans for roughly 153,000 borrowers. Since taking office in 2021, the Biden administration has arranged to cancel loans equal to around a third of the total projected cost of its blocked mass cancellation plan. Here s how: Around 40 million people owe nearly $1.6 trillion in federal student loan debt. Biden sought to cancel $430 billion of it through a blanket forgiveness plan announced in August 2022. The Supreme Court blocked that strategy in June. Using existing tools, the administration has cobbled together batches of forgiven loans that now total around $137.8 billion. The amount equals about a third of the total cost of the mass cancellation plan. Using anti-fraud and consumer protection regulations, the administration has forgiven $22.5 billion for more than 1.3 million borrowers who say they were cheated by their schools, saw their institutions close suddenly or are covered by related court settlements. Many of these borrower defense claims had languished for years. The administration whittled down the backlog through approvals and settlements. A revamped application process has led to $11.7 billion forgiven for 513,000 borrowers with a total and permanent disability. Waivers and tweaked rules for public-service loan forgiveness, a program dating to 2007, have led to almost $56.7 billion in forgiveness for 793,400 public servants since 2021. The Biden administration has said income-driven repayment programs have been troubled by inaccuracies for decades. Addressing those issues allowed it to forgive nearly $45.7 billion for almost 930,500 borrowers. The 153,000 borrowers enrolled in the Saving on a Valuable Education (SAVE) plan received $1.2 billion in forgiveness ahead of schedule. Borrowers owed less than $12,000 and had been making payments for ten years. Not all of the $138 billion in relief has been fully processed by the Education Department and loan servicers, creating confusion for borrowers who must now figure out whether they still have outstanding student loan debt. That issue has become more pressing since payments and interest accrual restarted in 2023 after a pandemic-era freeze that lasted more than three years. While the tools the administration is using in its piecemeal cancellation strategy have a long history of passing legal muster, they still run some risk of getting tied up in court. In August, a federal court in New Orleans froze the administration s expansion of borrower defense the tool for students who think they have been misled by their schools leaving its future prospects unclear.",Support
TK_Doc3_Biden-Loan-Halted.docx,"WASHINGTON A federal appeals court Friday temporarily stopped the Biden administration from moving forward with its plan to forgive up to $20,000 in student-loan debt for millions of Americans. The Eighth U.S. Circuit Court of Appeals issued the halt in a one-page order that will remain in place for a short period while it considers a request by Republican leaders in six states to block implementation of the program. The Biden administration has said in court filings that it wouldn t discharge any student-loan debt before Oct. 23. The appeals court order at least pushes back that start date a few days, though White House officials have said it could take weeks to process the bulk of the applications. White House press secretary Karine Jean-Pierre said in a statement that the order doesn t prevent borrowers from applying for the program or the administration from reviewing applications. We will continue to move full speed ahead in our preparations in compliance with this order, Ms. Jean-Pierre said. And the administration will continue to fight Republican officials suing to block our efforts to provide relief to working families, she added. It s very important that the legal issues involving presidential power be analyzed by the court before transferring over $400 billion in debt to American taxpayers, said Nebraska Attorney General Doug Peterson, who is part of the appeal. The Biden administration estimates the debt relief would cost $379 billion over 30 years, while the nonpartisan Congressional Budget Office released a similar estimate of around $400 billion that assumed 90% of eligible borrowers would apply. Friday s decision by the appeals court comes one day after a federal judge in Missouri denied a request by the group of Republican state leaders to block the program. The appeals court, which is hearing an appeal of the Missouri judge s order, set a briefing schedule with deadlines early next week. The development comes just hours after President Biden touted his efforts to forgive student loans during a speech at a Delaware university on Friday. Mr. Biden praised the Thursday ruling and pointed to a separate move by the Supreme Court to deny an emergency appeal to block implementation of the program brought by a group of Wisconsin taxpayers. The courts, the president argued earlier Friday, had sent a message: We re on Biden s side. The administration on Monday began accepting applications for loan forgiveness through an online portal that requires applicants to provide only basic information such as their legal names, Social Security numbers and email addresses. Officials have said it would take several weeks to process the applications. Some applicants will be asked for additional information to verify their incomes. So far, nearly 22 million borrowers have applied for forgiveness through the program, Mr. Biden said. The site hasn t experienced any major technical issues, according to administration officials and analysts tracking the issue. The Education Department has begun informing some borrowers that they don t need to apply for the program because the department already has enough information about their loans to process their forgiveness. In emails to borrowers who don t need to apply, the department said they have the right to opt out of the program if, for example, they are concerned about having to pay state taxes on the debt that is forgiven. Those borrowers have until Nov. 14 to alert their loan servicers that they are opting out of the program, according to the department emails. The administration has estimated that roughly eight million people fall into this category.",Neutral
PA_Doc4_Student-Loans-Trump.docx,"What You Need to Know About Student Loans Before Trump Takes Office Jan. 20 As President-elect Donald Trump prepares to take office January 20, many Americans across the country are wondering what this will mean for their student loans. President Joe Biden ushered in student loan forgiveness for millions during his presidency, but a new Trump presidency has many borrowers concerned about how their debt could change in 2025. Trump's own for-profit college, Trump University, was hit with a lawsuit alleging fraud. It ended with a $25 million settlement to those who attended the now defunct school. How Will Student Loans Change When Trump Takes Office? Based on Trump's track record, student loan borrowers are unlikely to see any more relief under the new administration. During his first term, his administration pushed for monthly payments to increase from 10 to 12.5 percent of borrowers' discretionary income and also sought to merge all income-driven repayment plans into one simplified option. In his second term, these moves could come up again. Will Biden's SAVE Plan Stay in Place? During Biden's presidency, he introduced a Saving on a Valuable Education (SAVE) plan that cut down payments for millions and even led to student loan forgiveness for some. The income-based plan reduced many borrowers' monthly payments to zero, saved other borrowers around $1,000 per year and prevented balances from growing because of unpaid interest. ""President Trump signaled opposition to these programs on the campaign trail, so the likelihood of them suddenly gaining support seems virtually nonexistent. If you haven't been treating your student debt seriously in the hope of future forgiveness, now is the time to start tackling it by making payments,"" Beene said. What Happens Next Thompson said borrowers should prepare for the likelihood that all student loan debt will be expected to be repaid under Trump's administration. ""Unless the Biden administration pushes through last-minute executive action for additional loan forgiveness, the likelihood of widespread relief under Trump is low,"" he said. ""His previous term rolled back consumer protections and shifted student loan policies toward a more rigid framework. The expectation will likely be that borrowers repay their loans in full, reinforcing the principle of caveat emptor buyer beware."" Borrowers should look into refinancing and consolidation options. ""Interest rates, repayment structures and federal protections could change under a new administration, and borrowers will need to be proactive in managing their financial future,"" Thompson said. ""If you're holding out for student loan forgiveness, it may be time to rethink your strategy. Under Trump, the focus will likely be on repayment enforcement rather than relief.""",Oppose
JY_Doc2_Potential_Shutdown_Education_Department.txt,"Incoming-President Donald Trump's second term is expected to have its share of shake-ups. Trump has promised to shut down several government agencies in an effort to reduce wasteful spending, which could have dramatic effects on the way government works. One of the agencies at risk is the United States Department of Education, which oversees and manages federal student loans and various programs that administer them. If the Education Department does go away, federal student loans will likely fall under the purview of a different government agency. While it's possible President-elect Trump could dismantle the Department of Education, doing so would necessitate a great deal of effort. Abolishing a government department requires an act of Congress, which means it would likely need bipartisan support.This also isn t the first time someone has attempted to put an end to the Department of Education. One of the most recent examples is H.R.899, To terminate the Department of Education, a bill introduced in February 2023 by Representative Thomas Massie (R-KY). Although the U.S. House of Representatives considered the bill, it hasn t made any progress. Without a government agency that focuses exclusively on education, what would happen to existing student loans? Unfortunately for borrowers, it s highly unlikely that the Trump administration would forget (or forgive) these debts altogether. If the Department of Education was dismantled, it's much more likely that an agency like the Department of Justice, Department of Labor, or Treasury Department could be put in charge of student loans. Of course, these agencies would likely need additional staff and support in order to take on the new workload.Borrowers repaying their student loans on income-driven repayment (IDR) plans are also right to worry about the future. The Saving on a Valuable Education (SAVE) plan is currently paused as we await a decision on its legality from the courts, but there s a good chance it will be struck down in the coming months. This would leave borrowers choosing from the IDR plans that are left, which may be overhauled or eliminated entirely after Trump takes office. However, a couple solutions for easing the burden of our student debt crisis have been floated by GOP leaders. For example, Representative Mike Lawler (R-NY) introduced the Affordable Loans for Students Act, which would cut interest rates for most federal student loans to 1%.Another bill, called the College Cost Reduction Act and introduced by Representative Virginia Foxx (R-NC), would double the maximum Pell Grant award and prevent interest from capitalizing on student loans. It would also replace all repayment plans with two options a standard, 10-year repayment plan and a ""repayment assistance plan. Incoming-President Trump has promised to end the Department of Education, but no one s certain whether he ll be able to pull it off. All that borrowers with federal student loans can do right now is wait to see how the situation will play out and which repayment plans will still be available in 2025 and beyond.",Oppose
YCK_Doc4_Zelenskyy-Austin-use.txt,"Ukrainian President Volodymyr Zelenskyy and U.S. Defense Secretary Lloyd Austin used their final meeting Thursday to press the incoming Trump administration not to give up on Kyivs fight, with Austin warning that to cease military support now will only invite more aggression, chaos and war. Weve come such a long way that it would honestly be crazy to drop the ball now and not keep building on the defense coalitions weve created, Zelenskyy said. No matter whats going on in the world, everyone wants to feel sure that their country will not just be erased off the map. President-elect Donald Trumps pronouncements about pushing for a quick end to the war, his kinship with Russian President Vladimir Putin and uncertainty over whether he will support further military aid to Ukraine have triggered concern among allies. The Biden administration has worked to provide Ukraine with as much military support as it can, including approving a new $500 million package of weapons and relaxing restrictions on missile strikes into Russia, with the aim of putting Ukraine in the strongest position possible for any future negotiations to end the war. And while Austin acknowledged he has no idea what Trump will do, he said the international leaders gathered Thursday at Ramstein Air Base talked about the need to continue the mission. The leaders were attending a gathering of the Ukraine Defense Contact Group, a consortium of about 50 partner nations that Austin brought together months after Russia invaded Ukraine in February 2022 to coordinate weapons support. Im leaving this contact group not with a farewell but with a challenge. The coalition to support Ukraine must not flinch. It must not falter. And it must not fail, Austin said during his final press conference. Ukraines survival is on the line. But so is all of our security. Some discussed what they would do if the U.S. backed away from its support for Kyiv, if the contact group would assume a new shape under one of its major European contributors, such as Germany. Germanys Defense Minister Boris Pistorius said his country and several other European nations are discussing options. Austin said the continuation of the group is essential, calling it the arsenal of Ukrainian democracy and the most consequential global coalition in more than 30 years. President Joe Biden was to have his final face-to-face meeting with Zelenskyy in the coming days in Rome, but he canceled the trip because of the devastating fires in California. Pistorius said he intends to travel to the U.S. shortly after Trumps Jan. 20 inauguration to meet his new counterpart to discuss the issue. Its clear a new chapter starts for Europe and the entire world just 11 days from now, and it will require even more cooperation, Zelenskyy said. Ukraine has launched a second offensive in Russias Kursk region and is facing a barrage of long-range missiles and ongoing advances from Russia as both sides seek to put themselves in the strongest negotiating position possible before Trump takes office. ",Neutral
YCK_Doc3_US-finalize-Chinese.txt,"President Joe Biden's outgoing administration plans to finalize rules next week cracking down on Chinese vehicle software and hardware, U.S. Commerce Secretary Gina Raimondo told Reuters. In September, the department proposed prohibiting key Chinese software and hardware in connected vehicles on American roads due to national security concerns. That move would effectively bar Chinese cars and trucks from the U.S. market. Major global automakers would have to remove key Chinese software and hardware from vehicles sold in the U.S. in the years ahead. ""We wanted to hear from industry. We had to get it right. We digested all of that comment and now we're going to get this out,"" Raimondo said in an interview. ""It's really important because we don't want two million Chinese cars on the road and then realize... we have a threat."" The White House cleared the final rule late Tuesday, according to a government website. The proposal issued in September would make software prohibitions effective in the 2027 model year. The hardware ban would take effect in 2029. The Alliance for Automotive Innovation, representing General Motors (GM.N), opens new tab Toyota Motor (7203.T), opens new tab Volkswagen (VOWG_p.DE), opens new tab, Hyundai Motor (005380.KS), opens new tab and other major automakers, in October sought at least one additional year to meet the hardware requirement. The Consumer Technology Association said both deadlines should be extended by two years as did Honda Motor (7267.T), opens new tab in order ""to conduct crucial testing, validations, and updating of necessary contracts."" In September, the Biden administration locked in steep tariff hikes on Chinese imports, including a 100% duty on electric vehicles and hikes on EV batteries and key minerals. President-elect Donald Trump, who takes office on Jan. 20, wants to prevent Chinese auto imports but has said he remains open to Chinese automakers building vehicles in the U.S. ""We're going to give incentives, and if China and other countries want to come here and sell the cars, they're going to build plants here, and they're going to hire our workers,"" Trump told Reuters. ",Oppose
YCK_Doc2_Blinken-Wang-discuss.txt,"U.S. Secretary of State Antony Blinken reiterated Washington's concerns over Beijing's actions toward Taiwan and its support for Russia's war in Ukraine as he met his Chinese counterpart Wang Yi on Saturday. Blinken, who earlier called out China for escalating maritime tensions with the Philippines, talked extensively with Wang about Taiwan and Beijing's recent ""provocative"" actions toward the democratically governed island, a senior U.S. State Department official said. Those actions included a simulated blockade during the inauguration of Taiwan President Lai Ching-te, the official said. Blinken and Wang agreed to keep making progress on their countries' military-to-military ties, but did not discuss nuclear arms control talks, which China has halted in protest over Washington providing arms to Taiwan, the official said. ""In every discussion, Taiwan is the issue that they care most about. They see it as ... an internal China issue,"" said the official, who briefed reporters travelling with Blinken. China's government considers Taiwan inviolable Chinese territory, which Taiwan rejects. Wang told Blinken that Taiwan was part of China and ""was not and will not be a country"", and Beijing would counter provocations by forces advocating Taiwan's independence, according to a foreign ministry statement. He said that though communication channels between China and the United States were open, Washington had intensified its efforts to contain and suppress Beijing. ""The risks facing Sino-U.S. relations are still accumulating and the challenges are rising and ties are at a critical juncture of halting their decline and achieving stability,"" Wang said. The two talked for one hour, 20 minutes on the sidelines of a regional summit in Laos, in their sixth meeting since June 2023, when Blinken visited Beijing in a sign of improvement in strained relations between the world's two biggest economies. The two did not set a date for their next meeting, the official said. Blinken is touring East Asia in a bid to reassure countries close to China of U.S. commitment, despite political uncertainty at home. He travelled to Vietnam later on Saturday and was set to hold security talks alongside Defense Secretary Lloyd Austin in Japan and the Philippines in the coming days. Blinken conveyed to Wang that U.S. President Joe Biden and Vice President Kamala Harris, the Democratic Party's presidential candidate, both believed in the importance of stability in the U.S.-China relationship, and that a rules-based order must be upheld, the official added. Blinken also discussed China's support for Russia's defence industrial base and warned of further U.S. actions if China does not curtail that, according to the official. Washington has levied sanctions at targets including China-based companies selling semiconductors to Moscow, as part of an effort to undercut the Russian military machine waging war on Ukraine. ""There was no commitment by the Chinese to take action,"" the official said. Blinken also raised with Wang U.S. concerns over human rights in Hong Kong, Taiwan and Tibet, and stressed the need for more progress from Beijing on counter narcotics including fentanyl precursors coming out of China. ",Neutral
DR_Doc4_Shink_EPA.docx,"Title: Project 2025: How Trump Could Shrink EPA Authors: Kevin Bogardus Source/Date: E&E News / Late 2024 (exact date unspecified) URL: https://www.eenews.net/articles/how-trump-could-shrink-epa/?utm_source=chatgpt.com Keywords: EPA, downsizing, Project 2025, environment, Trump Total Word Count: 920 Brief Summary: This article from E&E News explores Donald Trump s plans to significantly downsize the Environmental Protection Agency (EPA) as part of his broader agenda to limit federal government influence and reduce regulatory oversight. Under the conservative-led Project 2025 framework, Trump s proposals aim to weaken or dismantle the EPA by cutting staffing, reallocating responsibilities to state governments, and repealing key environmental protections. One of the primary components of Trump s plan involves reducing the EPA workforce. Currently employing approximately 14,000 staff, the agency could face dramatic reductions, with some projections estimating cuts of up to 50%. These staffing changes would limit the EPA s ability to enforce environmental regulations, monitor pollution, and conduct scientific research. Proponents argue that this would reduce government overreach and allow states to develop their own policies tailored to local needs. Critics, however, fear that states may lack the resources or political will to maintain rigorous environmental standards, leading to increased pollution and health risks. Another cornerstone of Trump s proposal is transferring much of the EPA s authority to individual states. The plan reflects the belief that states are better positioned to address regional environmental challenges. For example, permitting processes for industrial projects could be streamlined by eliminating federal oversight, which Trump and his supporters claim slows economic growth and burdens businesses. However, environmental advocates warn that this approach could lead to inconsistent regulations, creating a ""race to the bottom"" as states compete to attract industry by lowering environmental standards. Trump s agenda also targets key policies enacted under the Biden administration, including regulations related to greenhouse gas emissions, renewable energy incentives, and protections for water and air quality. Trump has long argued that such policies impose unnecessary business costs and hinder economic growth. The plan calls for rescinding rules tied to the Clean Power Plan and the Waters of the United States rule, both seen as cornerstones of federal environmental policy. Project 2025 outlines broader goals beyond the EPA, including reorganizing other federal agencies and shifting their missions away from climate change and environmental justice. For instance, the Department of the Interior could prioritize fossil fuel development on federal lands, aligning with Trump s energy independence agenda. While supporters of these changes argue they will boost economic productivity and reduce regulatory burdens, opponents contend that downsizing the EPA could have long-term consequences for public health, climate change mitigation, and global environmental leadership. Legal challenges are also expected, as many of the proposed changes would face resistance from environmental groups and Democratic-led states. In summary, Trump s plan to shrink the EPA embodies his administration s commitment to deregulation, economic growth, and state autonomy, but it raises significant concerns about the future of environmental protection and federal oversight in the United States.",Oppose
JY_Doc4_Project_2025_Attack_Education.txt,"Presidential campaigns rarely state their specific policy positions, often leaving voters to fill in the gaps. But the Heritage Foundation s Project 2025, written predominantly by high-level Trump aides, offers a uniquely detailed playbook of what a second Trump term would mean for each function of government. Among the most radical changes proposed are the alterations to K-12 education policy. Here, we focus on three of Trump s proposed areas of change that would dramatically reshape public education in the United States: eliminating the Head Start program, defunding Title I, and introducing culture war issues into classrooms. If implemented, these changes would hurt students, families, and educators from coast to coast. The Head Start program was created in 1965 as part of Lyndon Johnson s War on Poverty. Across its 59-year history, it has helped 39 million families and currently serves 833,000 children each year through comprehensive education, health care, nutrition, and family services for children living in poverty. Head Start recognizes that the first five years of a child s life are critical to their long-term development. When they are provided key services and support early on, children are more likely to lead productive and healthy lives and rely less on taxpayer-funded programs later in life. And beyond the long-term benefits, Head Start also provides immediate relief to lower-income families who spend as much 36% of their income on child care alone. Yet Trump s Project 2025 advocates for the complete elimination of the Office of Head Start and the Head Start program it administers. It claims that Head Start is fraught with scandal and abuse and that the program provides little or no long-term academic value for children. But the data show Head Start dramatically improves the lives of its participants. Children enrolled in Head Start are 40% more likely to finish college, 23% less likely to end up in poverty, and 27% less likely to depend on public assistance. In fact, the $12 billion spent on Head Start each year yields $84 billion in value as measured by increased earnings and decreased reliance on social services. Reduced poverty and higher educational attainment are hard to square with the claim that Head Start provides no long-term value for children. The sad irony is that if Trump wins and eliminates Head Start, it will be rural Republican districts who suffer most. Children in rural counties are 37% more likely to live in poverty than their urban counterparts, so they re more likely to rely on Head Start for child care and early childhood education. A study by the Center for American Progress found that a third of all rural child care centers are Head Start Programs. Often, Head Start is the only child care available for these families. Students in rural areas already lag their contemporaries across key education metrics, Trump s education cuts would only widen the gap.",Oppose
JR_Doc1_Fed-Holds-Rates.txt,"Title:Fed holds rates steady, indicates three cuts coming in 2024 Authors:Cox, Jeff Source/Date: CNBC-12/13/2023 URL:https://www.cnbc.com/2023/12/13/fed-interest-rate-decision-december-2023.html Keywords: steady, interest, policy, rate, decision Total Word Count:798 Summary:The Federal Reserve on Wednesday held its key interest rate steady for the third straight time and set the table for multiple cuts to come in 2024 and beyond. With the inflation rate easing and the economy holding in, policymakers on the Federal Open Market Committee voted unanimously to keep the benchmark overnight borrowing rate in a targeted range between 5.25%-5.5%. Along with the decision to stay on hold, committee members penciled in at least three rate cuts in 2024, assuming quarter percentage point increments. Thats less than what the market had been pricing, but more aggressive than what officials had previously indicated. Markets had widely anticipated the decision to stay put, which could end a cycle that has seen 11 hikes, pushing the fed funds rate to its highest level in more than 22 years. There was uncertainty, though, about how ambitious the FOMC might be regarding policy easing. Following the release of the decision, the Dow Jones Industrial Average jumped more than 400 points, surpassing 37,000 for the first time. Inflation has eased from its highs, and this has come without a significant increase in unemployment. Thats very good news,Chair Jerome Powellsaid duringa news conference. That echoed new language in the post-meeting statement. The committee added the qualifier that inflation has eased over the past year while maintaining its description of prices as elevated.Fed officials see core inflation falling to 3.2% in 2023 and 2.4% in 2024, then to 2.2% in 2025. Finally, it gets back to the 2% target in 2026. Economic data released this week showed both consumer and wholesale prices were little changed in November. By some measures, though, the Fed is nearing its 2% inflation target. Bank of Americas calculations indicate that the Feds preferred inflation gauge will be around 3.1% year over year in November, and could hit a 2% six-month annualized rate, meeting the central banks goal. Committee members upgraded gross domestic product to grow at a 2.6% annualized pace in 2023, a half percentage point increase from the last update in September. Officials see GDP at 1.4% in 2024, roughly unchanged from the previous outlook. Projections for the unemployment rate were largely unchanged, at 3.8% in 2023 and rising to 4.1% in subsequent years. Officials have stressed their willingness to hike rates again if inflation flares up. However, most have said they can be patient now as they watch the impact the previous policy tightening moves are having on the U.S. economy. Stubbornly high prices have exacted a political toll on PresidentJoe Biden, whose approval rating has suffered in large part because of negative sentiment on how he has handled the economy. There had been some speculation that the Fed could be reluctant to make any dramatic policy actions during a presidential election year, which looms large in 2024. ",Neutral
GDR_Doc1_Ai_Policy_Change.txt," Title: Trump Administration's Artificial Intelligence Policy: Key Changes Authors: National Law Review Source/Date: National Law Review, November 2024 URL: https://natlawreview.com/article/upcoming-changes-ai-regulation-new-administration Keywords: Artificial Intelligence, AI Policy, Trump Administration, Deregulation, Innovation Summary: The Trump administration has introduced several significant changes to the U.S. artificial intelligence (AI) policy, with a focus on deregulation to foster innovation. These changes reflect a departure from the prior administration's more cautious approach, which emphasized oversight and regulation to ensure ethical use and mitigate potential risks. Instead, the Trump administration's strategy centers on creating an environment conducive to technological advancement by minimizing barriers for companies and researchers working in AI. A cornerstone of the administration's policy is the National Artificial Intelligence Initiative Act, which aims to coordinate AI efforts across federal agencies. This includes streamlining research funding, promoting public-private partnerships, and providing incentives for private-sector investments in AI development. By doing so, the administration hopes to maintain U.S. dominance in AI innovation amidst growing competition from countries like China and the European Union. Critics of the policy changes argue that reducing regulatory oversight could lead to ethical lapses, particularly in sensitive areas such as facial recognition and autonomous weaponry. Without stringent guidelines, there is concern that companies may prioritize profit over societal welfare, potentially exacerbating issues like algorithmic bias and privacy violations. Proponents, however, contend that the policy strikes the right balance by enabling innovation while relying on industry-led ethical standards. The administration has also prioritized workforce development to address the growing demand for AI expertise. Initiatives include expanded funding for STEM education, the establishment of AI training programs, and partnerships with universities to align curricula with industry needs. These efforts aim to ensure that the U.S. workforce remains competitive in an increasingly AI-driven global economy. Additionally, the administration's policy emphasizes the importance of international collaboration to set global standards for AI development and use. By engaging with allies and international organizations, the U.S. seeks to establish norms that reflect democratic values and counter authoritarian approaches to AI governance. Overall, the Trump administration's AI policy represents a shift toward fostering rapid technological advancement by reducing regulatory constraints and encouraging innovation. While the approach has sparked debate, it underscores the administration's commitment to maintaining U.S. leadership in this critical area of technological development.",Neutral
GKF_Doc2_Trump-Floats-Using.docx,"Trump Floats Using Force to Take Greenland and the Panama Canal In an hourlong news conference at his Florida club, Mar-a-Lago, the president-elect delivered a hodgepodge of grievances, complaints and false claims. President-elect Donald J. Trump refused on Tuesday to rule out the use of military or economic coercion to force Panama to give up control of the canal that America built more than a century ago and to push Denmark to sell Greenland to the United States. In a rambling, hourlong news conference, Mr. Trump repeatedly returned to the theme of American sacrifice in building the canal and accused China, falsely, of operating it today. When pressed on the question of whether he might order the military to force Panama to give it up in violation of treaties and other agreements reached during the Carter administration or to do the same with Greenland, he said: No, I can t assure you on either of those two. We need them for economic security the Panama Canal was built for our military, he said. Asked again if he would rule out the use of military force, he said: I m not going to commit to that. You might have to do something. Mr. Trump s statements propelled his repeated calls for expanding American territory to a new level, one that is bound to roil three American allies Panama; Denmark, which handles Greenland s foreign and security affairs; and Canada, which he has mocked as America s 51st State. On Tuesday he made clear, though, that he was not joking, suggesting that if Canada remained a sovereign state the financial cost to its trading relationship with the United States could be crushing. Perhaps Mr. Trump was posturing, for negotiating advantage. Yet not since the days of William McKinley, who engaged in the Spanish-American War in the late 19th century and ended up with U.S. control of the Philippines, Guam and Puerto Rico, has an American president-elect so blatantly threatened the use of force to expand the country s territorial boundaries. It was a reminder that Mr. Trump s definition of America First is anything but isolationist. He comes to American foreign policy with the mind of a real estate developer, with a penchant for grabbing territory. He insisted he would not be deterred by the treaty signed with Panama, which was ratified by the Senate in 1978 by 68 to 32, just beyond the two-thirds vote required by the constitution. He asserted that the return of control of the Canal to Panama was a bad idea arguing that he was reluctant to say so while the nation was burying former President Jimmy Carter, who negotiated the deal. He then returned, repeatedly, to criticizing Mr. Carter s judgment. He was a very fine person, Mr. Trump said. But that was a big mistake, he added. It cost us the equivalent of a trillion dollars. On Canada, Mr. Trump, when pressed, threatened to use economic force, not the military, to join Canada and the United States together, implying that the United States would pare back its purchases of Canadian products. He declared he would use tariffs to hamper Canada s ability to assemble cars and sell them in the United States, and then charged that Canada contributed insufficiently to American defenses. He made no reference to NORAD, the combined American and Canadian defensive effort that is considered a military model for an interoperable, joint military early-warning system, run equally by two allies. It is at the core of American air and missile defense. He continued his push on Tuesday evening, posting maps on social media showing Canada as part of the United States. He also said at the news conference that he would tariff Denmark at a very high level if it did not give Greenland to the United States, before casting doubt on whether Denmark has a legitimate claim to Greenland at all. The threats, vague and unformed as they may be, were only part of the series of declarations Mr. Trump made about his plans when he takes office in less than two weeks. He said the Gulf of Mexico would be renamed the Gulf of America, though it was unclear how serious he was about the effort. He declared that members of NATO, who were slow to fulfill a commitment to spend 2 percent of their gross domestic product on defense, should now prepare for a world in which they needed to spend 5 percent. They can all afford it, but they should be at 5 percent, not 2 percent, he said, before again threatening to not defend any NATO ally who did not, in his view, pay into the system sufficiently. Mr. Putin has used such threats in the past to sow divisions within NATO, an alliance he has been loath to take on directly even as it helps arm Ukraine. Mr. Trump s critique of NATO isn t a solitary one: Presidents George W. Bush, Barack Obama and Biden have all pressed the case, and the most progress in meeting the 2 percent goal has come in Mr. Biden s term, a fact he celebrated at the NATO summit in Washington in July during the 75th anniversary of the alliance. And even some European leaders, when speaking privately, say they agree that the goal should be moved to 3 percent if Europe is going to have any hope of assembling the military might to deter Russia in coming decades. They often add that there is no political constituency for spending at that level. But they may be driven there by necessity if they become convinced that the United States will not come to their aid. I would have loved to say yes, we ll protect you even if you don t pay, but that not the way life works, Mr. Trump told reporters. Mr. Trump also reiterated his threat that all hell will break out in the Middle East if the hostages being held by Hamas are not released by Inauguration Day, repeating the threat four times. But it was Mr. Trump s views on American territorial expansionism that were most striking in the news conference, and so untethered from international law. Image In December, when Mr. Trump ramped up his calls for the purchase of Greenland and voiced his complaints about how American shipping was treated as it traversed the Panama Canal, Ian Bremmer of the Eurasia Group noted that the case Mr. Trump was making had echoes of the justifications President Vladimir V. Putin of Russia made for invading Ukraine. But piecing together Mr. Trump s series of social media posts on these issues, and hearing his complaints at his private Florida club, Mar-a-Lago, one thing is clear: He is building a national security case for why an American takeover of Greenland and the Panama Canal Zone is necessary. He noted on Tuesday that Chinese and Russian ships were appearing around Greenland, an apparent showing of the countries growing interest in shorter polar shipping and military routes after global warming loosened and shrank ice fields, making them more passable. He argued that China, which controls two ports near the canal, was operating the canal itself; it is not. After Mr. Trump responded to the resignation of Prime Minister Justin Trudeau on Monday by writing on social media that many people in Canada LOVE being the 51st State, Mr. Bremmer noted in a post on X that American imperialism is so back. In fact, it often sounded that way at the news conference, as Mr. Trump dismissed the declarations of Denmark s leadership that Greenland is not up for sale, and similar comments from Panama. The only question now is whether he is increasing the pressure for negotiating purposes, or would actually make good on his threats.",Oppose
HKK_Doc1_Biden-Administration-Releases.txt,"Biden administration releases long-awaited hydrogen tax rules The Treasury Department finalized long-awaited tax guidance Friday for the production of clean hydrogen, a low-emissions energy source that could see federal support wane under President-elect Donald Trump. The rules outline how companies can obtain tax credits for hydrogen under the 2022 Inflation Reduction Act. For some of the biggest perks, the rules target hydrogen produced with renewable energy and electrolysis, which is referred to as green hydrogen. The final guidance changes several provisions from a proposal issued last year, including allowing hydrogen made from some nuclear plants that avoid retirement to obtain credits. The rule supports use of carbon capture and renewable natural gas, but also largely keeps in tact three pillars backed by environmentalists that require developers to use new clean energy added to the grid to produce hydrogen. These rules incorporate helpful feedback from companies planning investments which will drive significant deployment of clean hydrogen to power heavy industry and help create goodpaying jobs, said Deputy Treasury Secretary Wally Adeyemo in a statement. Proposed guidance released a year ago sparked an outcry from many U.S. companies and some lawmakers who want to produce hydrogen energy with fossil fuels. Treasury officials said they reviewed roughly 30,000 comments before making changes to the rule. Trump was critical of hydrogen on the campaign trail, and congressional Republicans could scale back federal funding for the fuel or reverse the tax credit as part of a reconciliation bill in early 2025. The Biden administration has promoted the role hydrogen could play in curbing emissions from sectors such as steel, chemicals and heavy-duty transportation. Last year, the administration selected seven hydrogen hubs to receive up to $7 billion from the 2021 bipartisan infrastructure law. In mid-December, the Department of Energy launched environmental reviews for three of the hubs. Environmental groups have voiced concerns about clean hydrogen, arguing rules governing its production should be strict to ensure the fuel cuts emissions and does not harm water resources.",Support
AJJ_Doc4_Canada-Tariffs-Reverseimpact.txt,"Academic rigor , journalistic flair Stewart Prest Lecturer, Political Science, University of British Columbia Languages Portuguese English United States President-elect Donald Trump has reiterated his apparent desire to make Canada a 51st American state, sharing a recent social media post about Canadian entrepreneur Kevin O'Leary s support of the idea. Trump was roundly mocked for his latest trolling of Canada, but his apparent fixation is dangerous at a time when the country s Liberal government, long weakened, is in disarray following the shock resignation of Chrystia Freeland as finance minister and deputy prime minister. In fact, in her December resignation letter, Freeland placed the country s response to Trump at the heart of her critique of Prime Minister Justin Trudeau. Canada s wannabe leader and his wife? Melania Trump looks on as President-elect Donald Trump speaks to reporters before a New Year s Eve party at Mar-a-Lago, in Palm Beach, Fla., on Dec. 31, 2024. (AP Photo/Evan V ucci) Canada s fight with T rump isn t just economic, it s existential Published: January 2, 2025 3:49pm EST 1/11/25, 5:43 PM Canada s fight with Trump isn t just economic, it s existential https://theconversation.com/canadas-fight-with-trump-isnt-just-economic-its-existential-246619 1/7Among the many broadsides delivered to her former boss, the fact that Canada is ill-prepared to face the dire new threat of Trump s second term was a recurring theme. Trump wasted no time inserting himself into Canada s internal affairs, calling Freeland toxic and continuing his running gag of referring to Trudeau as the governor of an American state rather than the leader of a sovereign nation. The attacks are becoming routine, with Trump suggesting in another post that Canadians would save massively on taxes and military protection as the 51st state.1/11/25, 5:43 PM Canada s fight with Trump isn t just economic, it s existential https://theconversation.com/canadas-fight-with-trump-isnt-just-economic-its-existential-246619 2/7Mercedes S tephenson @MercedesGlobal -Follow President-Elect Donald T rump on Chrystia Freeland s resignation. W ell known they were not fans of each other. Backs T rudeau and takes a now usual dig implying Canada not a real country 9:59 PM - Dec 16, 2024 768 Reply Copy link Read 224 r eplies Economic and democratic decline Whoever becomes prime minister in the weeks or months to come will have to figure out how to deal with Trump and the existential threat he poses to Canada in a much more effective manner than the Liberals have under Trudeau.1/11/25, 5:43 PM Canada s fight with Trump isn t just economic, it s existential https://theconversation.com/canadas-fight-with-trump-isnt-just-economic-its-existential-246619 3/7Trump is flagrantly disrespecting Canadian independence and, along with it, Canadian identity. He s openly challenging the very idea of Canadian sovereignty. Canada must respond accordingly. It can be hard to fully understand the nature and the extent of threats posed by someone so willing to flout respected political and diplomatic conventions. His annexation threats create a constant set of multifaceted challenges to Canada s economic prosperity, democratic norms and sovereignty. The economic dimension of his threat to Canada is now well-known. Trump s proposed 25 per cent tariffs on all Canadian exports to the U.S. are going to be incredibly costly to both countries, given the integration of their economies. But given the size disparity between the two countries, the impact will be bigger in Canada. The democratic threat is also clear. Trump has shown he regards democracy not as a crucial set of rules and norms, but as a set of obstacles to overcome. He s unable to admit defeat or even graciously accept victory. His revenge tour has begun, with lawsuits against media outlets and even against a pollster whose data suggested Democrat Kamala Harris was pulling ahead during the late days of the U.S. election campaign. Once back in the White House, Trump has promised to use public institutions to punish opponents. A partisan U.S. Supreme Court decision last year ensures that even if his own actions are criminal, he will remain immune from prosecution. Trump s disrespect of democratic institutions is corrosive and contagious. During his first term, experts sounded alarm bells about how he was linked to democratic decline around the world. If the U.S. president can openly challenge democratic norms, after all, what s to stop other would-be demagogues from doing the same? A second Trump administration is likely to continue such trends, and his willingness to intervene in Canadian politics is already causing shock waves north of the border. Violent protesters loyal to Trump storm the U.S. Capitol on Jan. 6, 2021. (AP Photo/John Minchillo)1/11/25, 5:43 PM Canada s fight with Trump isn t just economic, it s existential https://theconversation.com/canadas-fight-with-trump-isnt-just-economic-its-existential-246619 4/7A threat to Canadian sovereignty Trump s actions have repeatedly suggested he has no respect for those he views as powerless and right now Canada fits the bill. He s made it a running joke that Canada is not a real country, but just another American state. Nervously laughing off this threat doesn t cut it as a response. Canada has so far acted in a manner that makes it seem as though Trump has a point. Rather than pushing back by defending Canada s strong record in managing its part of the border relationship, the government immediately promised more than $1 billion in new border spending. Canada s leaders have failed to call out Trump s threats as the bluster of a bully. In the face of Trump s tariff threats, Trudeau made a surprise trip to Florida to pay his respects to the president-elect and plead Canada s case, rather than observing the normal protocol and waiting for a formal post-inauguration state visit. This made Trudeau appear more like a supplicant than a visiting head of government. It s helpful in this situation to think of Trump as a schoolyard bully demanding someone else do his homework in this case, defend America s borders. Such bullying doesn t end when you give in to the bully, but only when it becomes clear you won t. Border protection is a core function of any state, and a responsibility of any American president. Trump s demand that others do it for him is both a sign of weakness and an attempt to create a scapegoat should his efforts fail. As with any bully, if you promise to do the work for him, you ll just encourage additional torment. So when Trudeau promised to do more in exchange for an end to the bullying, he got a kick in the pants for his efforts as Trump began to taunt him about being the governor of the 51st American state. Prime Minister Justin Trudeau and president-elect Donald Trump at a recent dinner at Trump s Mar-a- Lago estate in Florida. (X/@JustinT rudeau)1/11/25, 5:43 PM Canada s fight with Trump isn t just economic, it s existential https://theconversation.com/canadas-fight-with-trump-isnt-just-economic-its-existential-246619 5/7The world is watching how Canada responds to the bully. If Canada hopes to enjoy the respect of its peers, it must show a willingness to fight for itself, its prosperity and its values. It must defend its sovereignty from those who refuse to respect it, and act assertively to maintain Canadian prosperity. That could mean a trade war. Power imbalance For more than a century, Canada and the U.S. have found ways to co-operate and prosper side by side despite the fact that the U.S. is a much more powerful nation. They ve built alliances and agreements founded on shared norms, values and customs as part of a deep and multifaceted relationship. Read more: Biden-Trudeau meeting caps two and a half centuries of Canada-U.S. relations None of that history seems to matter to Trump, and now American power seemingly matters more than Canadian sovereignty. This power imbalance is all the more acute given Canada s dependence on the American economy and American military might. But Canada is not powerless. Dependency works both ways, and the deep integration of the two countries economies makes the U.S. vulnerable as well. Shutting off power exports, as Ontario Premier Doug Ford suggests, is one course of action that would have an immediate and significant detrimental effect on the American economy. Ditto for petroleum. Energy is power in more ways than one. Read more: How Canada and the country's premiers must respond to Trump's trade and energy policies Trump arrives for a news conference at his Mar-a-Lago estate, in December 2024, in Palm Beach, Fla. (AP Photo/Evan V ucci1/11/25, 5:43 PM Canada s fight with Trump isn t just economic, it s existential https://theconversation.com/canadas-fight-with-trump-isnt-just-economic-its-existential-246619 6/7The U.S. consumes millions of barrels of Canadian petroleum every day, and a tax on that fuel would be inflationary and ultimately unpopular with American voters. Other countries stand to lose if the U.S. gets away with disrespecting Canadian sovereignty as well. If Trump refuses to respect Canadian sovereignty, no country is safe. Panama and Denmark can already attest to that. Finding ways to creatively push back against such demands should be an imperative for any country that values its independence, and Canada needs to work with such allies. Trump will soon be U.S. president again. But he is not and should not be treated as the president of Canada. Whoever leads Canada in the months to come has tools at their disposal to defend Canadian sovereignty, and they must be prepared to use them.1/11/25, 5:43 PM Canada s fight with Trump isn t just economic, it s existential https://theconversation.com/canadas-fight-with-trump-isnt-just-economic-its-existential-246619 7/7",Oppose
